"nome";"cnpj";"codigo_ans"
"18 DE JULHO ADMINISTRADORA DE BENEFÍCIOS LTDA";"19541931000125";419761
A;"23232323232323";1
A.P.S. SAÚDE.;"13138885000131";418030
ABAS 15;"02030246000131";304131
ABBESS - ASSOCIAÇÃO BRASILEIRA DE BENEFICIOS E SEGURIDADE SOCIAL;"07525246000126";417734
ABERTTA SAÚDE;"17505793000101";314668
ABET;"63089205000105";338915
ABPLUS ADMINISTRADORA DE BENEFÍCIOS LTDA.;"17687511000126";419621
AD SALUTE;"10458298000131";418901
ADMIX ADMINISTRADORA;"09035280000148";417556
ADVANCE PLANOS DE SAÚDE LTDA;"02041808000142";335657
AESP ODONTO ASSISTÊNCIA ODONTOLÓGICA S/S LTDA EPP;"03694367000140";413283
AFFEAM SAÚDE;"04503249000170";388092
AFFEGO-SAÚDE;"00299149000113";306754
AFFIANCE LIFE BENEFÍCIOS;"22891640000171";419907
AFFIX BENEFÍCIOS;"11158465000191";417424
AFISVEC - SAÚDE;"92911056000116";382639
AFPERGS;"92741016000173";417599
AFPES;"28483261000129";394271
AFRAFEP - SAUDE;"09306242000182";330281
AFRERJ;"34011288000111";387185
AGEMED;"02933220000101";339601
AGENCIAMENTO E NEGÓCIOS LTDA;"10897869000134";417262
AGMP;"02220135000198";402206
AGROS - INSTITUTO UFV DE SEGURIDADE SOCIAL;"20320487000105";368920
ALACORÔ CASF ASSOCIAÇÃO CLUBE DE BENEFICIOS PESSOAIS E EMPRESARIAIS;"10387254000168";417742
ALBUQUERQUE ADMINISTRAÇÃO DE BENEFICIOS S/C LTDA.;"36402816000199";418684
ALCANCE SAÚDE;"06258813000162";416975
ALCANCE SAÚDE;"02838972000185";406210
ALL CARE ADMINISTRADORA DE BENEFÍCIOS SÃO PAULO LTDA;"07674593000110";417289
ALLCARE ADMINISTRADORA DE BENEFÍCIOS EM SAÚDE;"11165556000154";417459
ALLIANZ SAÚDE S/A;"04439627000102";515
ALTER ADMINISTRADORA DE BENEFICIOS LTDA - EPP;"22103116000199";420255
ALVORECER;"62511019000150";344800
AMAGIS SAÚDE;"07781345000179";416690
AMAPÁ;"84112481000117";313971
AMAZONAS ENERGIA;"02341467000120";416894
AME-SISTEMA DE SAÚDE 24 HORAS;"17143876000190";304531
AMEDI ADMINISTRADORA DE BENEFÍCIOS LTDA;"10265019000113";417076
AMENO;"03473372000123";409464
AMEP FREGUESIA OPERADORA DE PLANOS DE SAUDE LTDA;"04257073000114";413330
AMEPLAN ASSITENCIA MÉDICA PLANEJADA  LTDA.;"67839969000121";394734
AMÉRICA PLANOS DE SAÚDE;"04800040000179";414450
AMERON;"84638345000165";321338
AMEX SAÚDE;"07893499000152";416282
AMHA SAUDE S/A;"15131148000132";418587
AMHE MED ASSISTENCIA A SAUDE LTDA-EPP;"29174910000172";421316
AMHISA SAÚDE;"19557487000136";310361
AMI;"12321527000105";328332
AMIL;"29309127000179";326305
AMIZI PLANOS E CONVÊNIOS DE SAÚDE;"14095581000105";418536
AMMP SAÚDE;"11177786000133";417211
AMORIM ADMINISTRADORA DE BENEFÍCIOS;"26143483000177";420662
AMPARA ;"20946877000187";325465
AMR - ASSISTÊNCIA MÉDICA REGIONAL;"71737001000161";414298
AON AFFINITY ADMINISTRADORA DE BENEFÍCIOS LTDA;"12547867000140";417980
APAS - ASSOCIAÇÃO POLICIAL DE ASSISTÊCIA À SAÚDE SJBVISTA;"71753297000104";408263
APAS - PRESIDENTE PRUDENTE;"00200720000109";410608
APAS - SOROCABA / VOTORANTIM;"71559272000174";410128
APAS ANDRADINA;"59766105000107";406813
APAS ASSOCIAÇÃO POLICIAL DE ASSISTÊNCIA A SAÚDE RIBEIRÃO PRETO;"72918287000144";408794
APAS BAIXADA SANTISTA;"00034259000153";410110
APAS BAURU;"00147571000153";406945
APAS DE DRACENA;"00665690000106";408026
APAS FERNANDOPOLIS;"00444803000135";409413
APAS VALE  DO RIBEIRA;"00642842000147";409405
APAS- BARRETOS;"72916364000127";407569
APAS-BOTUCATU;"66493339000185";408093
APAS-JAU;"66491036000123";408034
APAS/ITAPETININGA;"71565659000133";406635
APAS/MARILIA;"57272510000135";406937
APAS/PV;"00648506000101";411248
ÁPICE-ODONTO ASSISTÊNCIA ODONTOLÓGICA LTDA.;"02811372000123";400882
APO- ASSISTÊNCIA PERSONALIZADA ODONTOLÓGICA;"03512840000121";411124
APOMAS;"00490723000116";407097
APPAI;"31240963000196";382540
APS;"00539806000152";406708
APUB SAÚDE;"13100755000100";343129
ARAÇA CLÍNICAS SAÚDE;"03298573000131";407704
ARCELORMITTAL BRASIL S/A;"17469701000177";416070
ARM ODONTOLOGIA;"00743507000135";352152
ASES;"03638220000133";411582
ASFEB;"14799035000147";335754
ASPARÁ;"20160828000114";419591
ASPBMES;"01711582000187";357910
ASS.;"09585273000110";417891
ASSEC;"13170410000122";384704
ASSEM;"13083167000105";420093
ASSIM SAÚDE;"31925548000176";309222
ASSISTE ;"12080518000161";417769
ASSOCIAÇÃO BENEFICENTE FNV;"60878576000188";415049
ASSOCIAÇÃO DE BENEFICÊNCIA E FILANTROPIA SÃO CRISTOVÃO;"60975174000100";314218
ASSOCIAÇÃO DE SAÚDE HOLAMBRA;"59007799000190";360783
ASSOCIAÇÃO DO FISCO DE ALAGOAS;"12317012000123";393533
ASSOCIAÇÃO DOS AGENTES FISCAIS DE RENDAS DO EST. DE SP;"62635990000191";317632
ASSOCIAÇÃO EVANGELICA BENEFICENTE DE LONDRINA;"78613841000161";326755
ASSOCIAÇÃO METROPOLITANA DE ASSISTÊNCIA À SAÚDE;"15787592000100";418854
ASSOCIAÇÃO POLICIAL DE ASSISTÊNCIA À SAÚDE DE ARAÇATUBA;"59762062000183";414212
ASSOCIAÇÃO PRÓ-SAÚDE;"66835794000111";333328
ASSOCIAÇÃO UNIVIDA;"23557177000199";420123
ASSOREL BRASIL;"23779545000143";420794
ASTRA S/A INDUSTRIA E COMERCIO;"50949528000180";358410
ATEMDE ODONTO;"15245079000198";336874
ATÍVIA SERVIÇOS DE SAÚDE S/A;"69289171000189";320510
AUSTACLINICAS;"59847780000152";327417
AVAMP;"00307714000147";412635
B.B. SAÚDE;"16822554000104";418935
BACCS;"12903235000172";418013
BAHIAODONTO;"86968187000137";356301
BANESCAIXA;"28502128000172";343331
BARDELLA S/A INDUSTRIAS MECANICAS;"60851615000153";346403
BAREFAME;"44259372000102";419923
BARUK ADMINISTRADORA DE BENEFÍCIOS LTDA;"28651058000114";421251
BCI ADMINISTRADORA DE BENEFÍCIOS;"19240452000179";419257
BDN SAÚDE;"28224918000133";421090
BEDOIS SERVIÇOS DE ADMINISTRAÇÃO DE BENEFÍCIOS LTDA.;"07611953000135";419125
BELO DENTE;"02918461000173";351563
BEM BENEFICIOS ADMINISTRADORA DE BENEFICIOS LTDA;"12419071000102";417904
BEM BENEFÍCIOS ADMINISTRADORA EIRELI;"29138326000161";421332
BEM ESTAR ADMINISTRADORA DE BENEFÍCIOS LTDA;"25313773000159";420697
BEM MAIS ODONTO OPERADORA ODONTOLÓGICA LTDA.;"08192597000125";417874
BENECAP SAUDE;"08056815000102";415898
BENEFIT ADMINISTRADORA DE BENEFÍCIOS LTDA.;"12380335000161";419869
BENEVITAE;"29179109000110";421324
BENEVIX ADMINISTRADORA;"11073058000181";417718
BENSAUDE PLANO DE ASSISTENCIA MEDICA HOSPITALAR  LTDA;"02849393000138";366561
BEST LIFE BENEFÍCIOS;"13852392000169";420042
BHEM SAÚDE;"27872825000152";421138
BHTRANS;"41657081000184";306525
BIO SAÚDE;"03123146000112";402966
BIOLIFE SAUDE OPERADORA DE PLANOS DE SAUDE LTDA;"18780232000175";419311
BIORAL PLANOS DE SAÚDE LTDA;"14674151000130";419079
BIOVIDA SAÚDE;"04299138000194";415111
BOA VISTA ENERGIA ;"02341470000144";416983
BR;"34274233000102";354571
BRADESCO SAUDE S.A.;"92693118000160";5711
BRASILDENTAL OPERADORA DE PLANOS ODONTOLÓGICOS S.A.;"19962272000109";419419
BRAZIL DENTAL;"14838567000146";419613
BRF - BRASIL FOODS S/A;"01838723000127";417238
C.S. ASSISTANCE;"00216547000129";350362
CAARF;"07027515000124";416657
CABEFI;"78304672000188";414026
CABERGS;"02315431000172";307319
CABERJ INTEGRAL SAÚDE S.A;"07844436000106";415774
CABESP;"62231527000184";352331
CAC;"31934805000136";321869
CAEME;"33601568000117";344184
CAESAN;"37382009000114";363855
CAFAZ;"63367700000139";359122
CAGIPE;"32894974000152";370321
CAIXA;"00360305000104";312924
CAIXA DE ASSISTÊNCIA À SAÚDE - CABERJ;"42182170000184";324361
CAIXA DE ASSISTÊNCIA À SAÚDE DOS EMPREGADOS DA CELG- CELGMED;"37880952000157";361461
CAIXA DE ASSISTÊNCIA DOS FUNCIONÁRIOS DO BANCO DA AMAZÔNIA - CASF;"04204285000133";358754
CAIXA DE ASSISTÊNCIA DOS MAGISTRADOS DE PERNAMBUCO;"35617257000171";302627
CAIXA SEGURADORA ODONTO;"40223893000159";310981
CAIXA SEGURADORA SAÚDE;"13223975000120";418072
CAMARJ;"27085968000114";418820
CAMED SAÚDE;"05814777000103";385697
CAMIM;"35908607000159";319872
CAMPEÃ ADMINISTRADORA DE BENEFÍCIOS S.A;"04566215000125";417785
CAPESESP;"30036685000197";324477
CAPITAL ADMINISTRADORA DE BENEFÍCIOS;"17634722000109";419265
CARDUMES;"24792097000180";420654
CARE CLUB ADMINISTRADORA DE BENEFICIOS LTDA;"12656287000191";417882
CARE PLUS MEDICINA ASSISTENCIAL LTDA.;"02725347000127";379956
CAS - CONTRATO DE ASSISTÊNCIA À SAÚDE;"51628360000173";417475
CASA DE SAÚDE NOSSA SENHORA DE FÁTIMA .;"05455431000166";327328
CASACARESC;"83937631000169";327557
CASE SAÚDE;"09114713000150";417165
CASEC;"03702977000149";412295
CASEMBRAPA;"08097092000181";416401
CASSE;"13086566000120";335789
CASSEB;"15215452000168";315583
CASSEMS;"04311093000126";413534
CASSI;"33719485000127";346659
CASSIND;"04197511000104";413518
CASU/UFMG;"73395469000140";316873
CASUFES;"02402002000132";330027
CAURJ;"01052203000194";347825
CAURN;"02172353000102";314251
CB SAÚDE ADMINISTRAÇÃO EM SAUDE SUPLEMENTAR LTDA;"11334600000102";418676
CDA ASSISTENCIA ODONTOLOGICA LTDA-EPP;"64170517000101";415952
CEDOM;"01541601000174";349291
CEDPLAN SAÚDE LTDA ME;"06814351000112";418749
CEMIG SAÚDE;"12055813000168";417505
CEMIL CENTRO MEDICO DE ITU  LTDA.;"49008568000148";300012
CENIBRA;"42278796000199";339270
CENTRAIS ELÉTRICAS DE RONDÔNIA S/A - CERON;"05914650000166";304697
CENTRAL NACIONAL UNIMED;"02812468000106";339679
CENTRAL OPERADORA DE PLANOS DE SAÚDE NORTE-NORDESTE SOCIEDADE COOPERATIVA;"10540020000109";417092
CENTRAL REGIONAL DAS COOP. ODONT. DO NORD. DO BRASIL;"40639163000133";416177
CENTRO CLINICO;"90790072000172";361852
CENTRO CLÍNICO GAÚCHO;"00773639000100";392804
CENTRO CLINICO NH;"92240605000178";304212
CENTRO MÉDICO ESTÂNCIA VELHA;"89633135000106";403130
CENTRO MÉDICO FÁTIMA LTDA;"27533116000142";408883
CENTRO OESTE ADMINISTRADORA;"21416316000139";419711
CENTRO TRASMONTANO DE SAO PAULO;"62638374000194";303623
CEORP;"64928609000108";401871
CESAN;"28151363000147";392405
CETESB;"43776491000170";324892
CGO SAÚDE;"02140364000100";413291
CIMMAL;"00279095000124";405051
CIRCULO OPERARIO CAXIENSE;"88645403000139";310247
CLASP;"14047395000192";418382
CLASSE ADMINISTRADORA;"20088388000131";419435
CLASSES LABORIOSAS;"61740791000180";340146
CLIMED SAÚDE;"00950062000164";350699
CLIMEPE TOTAL;"25646761000146";343013
CLIMOL;"32076630000136";402770
CLIN - PLANO ODONTO DIGITAL;"01867792000169";304441
CLÍNICA ODONTOLÓGICA SASSO LTDA;"04686687000111";416797
CLÍNICA SÃO GABRIEL S/S LTDA;"51262335000119";415944
CLINICA SÃO JOSE SAUDE LTDA;"04272692000188";413275
CLINIPAM CLINICA PARANAENSE DE ASSISTENCIA MÉDICA LTDA.;"76882612000117";340782
CLINIPAM DENTAL;"79447603000196";313891
CLINIPREV SAÚDE LTDA;"03391009000169";415413
CLUBE CARE ADMINISTRADORA DE BENEFICIOS LTDA;"08902329000150";418480
CLUBE DE SAÚDE ADMINISTRADORA DE BENEFÍCIOS LTDA.;"17698381000127";419290
CMI - CLINICA DE MEDICINA INTEGRADA LTDA.;"17146846000137";310239
CODEBA;"14372148000161";419796
CODESA;"27316538000166";416509
COJUN CENTRO ODONTOLÓGICO JUNDIAI LTDA;"44648293000193";415812
COMPANHIA DE ENGENHARIA DE TRAFEGO - CET;"47902648000117";330051
COMPANHIA NACIONAL DE ABASTECIMENTO - C0NAB;"26461699000180";334189
COMPAR ADMINISTRADORA DE BENEFICIOS;"23920704000188";420247
COMPESAPREV;"12585261000108";307751
COMPRO ODONTO;"09109375000169";416614
COMSEDER;"70094578000130";390259
CONFIANÇA SAÚDE;"03613857000175";410624
CONPLAN PLANOS DE SAÚDE;"12610082000175";419940
CONSAUDE;"02906583000140";350729
CONSTRUÇÕES E FERROVIAS S/A;"42150664000187";419206
CONSTRUDENTE;"60537495000114";405931
CONTEM ADMINISTRADORA DE BENEFICIOS;"13286268000183";418323
CONVÊNIO SEMPRE VIDA;"81564346000114";392391
COODONTO;"02933200000122";362735
COOPERATIVA DE TRABALHO MEDICO REG.PLAN.SERRANO;"85246916000189";318213
COOPERATIVA DE TRABALHO MÉDICO UNIMED TERESÓPOLIS;"39447149000159";363774
COOPERATIVA DE TRABALHO ODONTOLOGICO - UNIODONTO ITAJUBÁ;"25906728000108";419028
COOPERCISO;"19052653000142";353892
COOPERDONTO;"02725037000102";359459
COOPERSINOS LTDA;"72350382000194";404241
COOPUS PLANOS DE SAÚDE LTDA;"17273560000112";419168
COOPUSAÚDE;"03268622000193";406805
COPASS SAÚDE;"08202035000115";416568
CORP DENTAL  ;"27119150000175";421049
CORPLIFE ADMINISTRADORA DE BENEFÍCIOS LTDA EPP;"73505463000189";418757
CORPORE ADMINISTRADORA DE BENEFICIOS DA SAUDE - EIRELI;"17670901000193";418960
CROE-CENTRO DE REABILITAÇAO ORAL ESPECIALIZADO LTDA;"19009638000111";368181
CROWN ODONTOLOGIA DE GRUPO LTDA;"69099307000198";397245
CRUSAM;"45646726000134";324698
CRUZ AZUL SAÚDE;"03849449000117";411752
CUNHA ODONTOLOGIA LTDA;"06216938000120";416959
D1 ADMINISTRADORA DE BENEFÍCIOS PRIVADOS DE ASSISTÊNCIA A SAÚDE  COLETIVOS LTDA;"11973274000183";419737
DANA INDUSTRIAS LTDA.;"00253137000158";416118
DELFHI ODONTO;"27832058000158";421081
DENCORP ODONTOLOGIA LTDA.;"21233062000113";419788
DENT SYSTEM;"00644977000141";402095
DENTAL CARE;"24619902000179";420239
DENTAL CENTER LTDA;"35436658000125";339458
DENTAL GOLD;"01402285000150";300730
DENTAL MASTER;"04212174000179";413747
DENTAL MED CENTER;"04067810000116";413941
DENTAL NORTE;"10722466000154";417181
DENTAL PLAN;"03554195000100";415804
DENTAL PLUS CONVÊNIO ODONTOLÓGICO;"00571628000147";314366
DENTAL UNI;"78738101000151";304484
DENTAL VIP;"07873459000149";416835
DENTALMASTER;"01364933000120";401463
DENTALMED;"20459346000160";419982
DENTALPAR;"02156150000114";322890
DENTALPLAN VALE DO SÃO FRANCISCO;"05616674000139";416908
DENTALPREV;"01060301000173";327867
DENTALSHOW ASSISTÊNCIA ODONTOLÓGICA;"01821083000142";361038
DENTALVIDAS;"05983170000157";415936
DENTSUL;"01041724000146";353477
DENTSY ODONTOLOGIA;"03113408000168";414425
DESBAN;"19969500000164";357669
DIVICOM ADMINISTRADORA DE BENEFÍCIOS LTDA;"04617017000143";415286
DOCTOR CLIN SAÚDE INTEGRADA;"01387625000110";349682
DONA SAÚDE.;"30505523000150";365645
DR. SORRISO;"04160395000140";416746
E-VIDA;"11828089000103";418374
EASY SAUDE ADMINISTRADORA DE BENEFICIOS LTDA;"17312105000189";418927
EASYPLAN ADMINISTRADORA;"27252086000104";421120
ECO SAUDE EMPRESARIAL;"22928119000161";420069
ECONLIFE SAUDE;"04388452000143";413755
ECONOMUS INSTITUTO DE SEGURIDADE SOCIAL;"49320799000192";342611
ECS ADMINISTRADORA DE BENEFICIOS LTDA;"39245402000191";417343
ELETROS-SAÚDE;"34268789000188";313904
ELETROSUL;"00073957000168";356891
ELEVE PLANOS ODONTOLÓGICOS LTDA;"24622429000189";420310
ELO SAÚDE;"13122792000119";418421
ELOSAÚDE;"11593821000103";417297
EMGEPRON;"27816487000131";410322
EMPRESA BRASILEIRA DE TELECOMUNICAÇÕES;"33530486000129";320587
ESH ODONTO;"05694801000118";416380
ESTADUAIS E FEDERAIS DO RIO DE JANEIRO;"29167970000168";309028
ESTADUAL;"04827428000163";417858
ESTALEIRO ATLÂNTICO SUL S/A;"07699082000153";420905
EV ADMINISTRADORA DE BENEFÍCIOS LTDA;"01856107000107";417441
EVANGELICO SAUDE;"02989632000155";401480
EVERCROSS PLANEJAMENTO DE ASSISTÊNCIA MÉDICA LTDA.;"30123640000150";410179
EVIDENTE;"02947180000149";400572
EVON ADMINISTRADORA DE BENEFÍCIOS;"12706827000102";418048
EXTRAMED;"01747987000175";414204
EXTREMAMEDIC PLANOS DE SAÚDE LTDA;"03548273000163";411868
F&R ADMINISTRADORA DE BENEFÍCIOS;"26137647000153";421219
FACEB;"00469585000193";309362
FACHESF;"42160192000143";317233
FAECES;"00580481000151";329665
FAMED;"04839091000104";414689
FAMEH/MP;"13026081000140";418129
FAS/AMP/RS;"25063964000100";420701
FEDERAÇAO DAS UNIMED'S DE MATO GROSSO DO SUL;"00755186000199";316741
FEDERAÇÃO DAS UNIMEDS DO ESTADO DE SÃO PAULO;"43643139000166";319996
FENIX MEDICAL;"25205234000104";420271
FIOSAÚDE;"03033006000153";417548
FISCO SAÚDE-PE;"11996146000155";417661
FREE DENT;"76026699000120";405248
FREE LIFE SAÚDE;"02877955000157";351091
FREI GALVÃO SAÚDE;"51473692000126";319422
FUNASA-SAÚDE (CAIXA DE ASSISTÊNCIA DOS EMPREGADOS DA SAELPA);"02618303000106";370592
FUNDAÇÃO ASSISTENCIAL DOS SERVIDORES DO MINISTÉRIO DA FAZENDA;"00628107000189";346926
FUNDAÇÃO CELESC;"82956996000178";315044
FUNDAÇÃO CESP;"62465117000106";315478
FUNDAÇÃO COPEL;"75054940000162";355151
FUNDAÇÃO DE ASSISTÊNCIA E PREVIDÊNCIA SOCIAL DO BNDES;"00397695000197";339636
FUNDAÇÃO FIAT SAÚDE E BEM ESTAR;"12838821000180";418285
FUNDACAO LEONOR DE BARROS CAMARGO;"60499365000134";410292
FUNDAÇÃO LIBERTAS;"20119509000165";378216
FUNDAÇÃO SANEPAR DE ASSISTÊNCIA SOCIAL;"77375897000162";338648
FUNDAÇÃO SAÚDE ITAÚ;"73809352000166";312126
FUNDAFFEMG;"00660903000107";315567
FUNSSEST;"31787625000179";330809
FUPS;"08883265000197";416584
FURN;"24368771000102";348406
G2C ADMINISTRADORA DE BENEFICIOS LTDA - ME;"16692996000183";419443
GAMA SAUDE LTDA.;"02009924000184";407011
GAMEC;"05676572000109";347591
GARANTIA DE SAÚDE;"45572583000163";343064
GARANTIA DE SAÚDE - HOSPITAIS ADVENTISTA DE BELÉM E MANAUS;"83367342000171";406554
GARDEN;"43434471000110";371891
GAVEA ADMINISTRADORA DE BENEFÍCIOS;"12643794000190";419893
GEAC - GERENCIAMENTO EMPRESARIAL LTDA;"10547779000113";419931
GEAP;"03658432000182";323080
GÉIA ADMINISTRADORA DE BENEFICIOS;"07867825000157";416932
GESTÃO SAÚDE;"02991601000139";419176
GH SAUDE OPERADORA DE MEDICINA DE GRUPO;"22103771000147";419834
GKN DO BRASIL LTDA;"58512310000175";416819
GLOBAL SORRISO ODONTOLOGIA LTDA.;"25085080000156";420760
GOLDMED;"14576780000127";419753
GOODLIFE;"65140725000120";305995
GRANJAS QUATRO IRMÃOS AGROPECUÁRIA E COMÉRCIO S/A;"92193135000139";404152
GREEN LIFE PLUS PLANOS DE SAÚDE - EPP;"23984844000110";420204
GREEN LINE SISTEMA DE SAÚDE LTDA.;"61849980000196";325074
GRUPO CEMERU SAÚDE;"68668045000172";401081
GS;"04165719000133";413160
GSI - GRUPO DE SERVIÇOS INTEGRADOS;"11030551000114";419672
HAPVIDA;"63554067000198";368253
HB SAÚDE;"02668512000156";350249
HBC SAÚDE;"05011316000100";414352
HC SAÚDE;"02849078000100";335851
HEALTH ADMINISTRADORA DE BENEFICIOS LTDA;"10846369000173";417611
HEALTH CLUB ADMINISTRADORA DE BENEFÍCIOS;"09555697000131";417637
HEALTH CLUB BENEFÍCIOS;"25066872000183";420182
HEALTH SANTARIS;"04004287000189";413194
HEALTHCARE;"03639079000193";414441
HEBROM ADMINISTRADORA DE BENEFICIOS LTDA. - ME;"18918915000146";419303
HFC SAÚDE;"15022430000181";418731
HGU SAÚDE;"03098226000165";403962
HOSPITAL ARNALDO GAVAZZA FILHO;"26150979000178";323942
HOSPITAL BOM SAMARITANO;"22709109000135";421189
HOSPITAL BOM SAMARITANO;"03897847000109";419362
HOSPITAL CÉSAR LEITE;"22263081000155";314706
HOSPITAL DE CARIDADE DE VARGEM GRANDE DO SUL;"72863665000130";363111
HOSPITAL DE CARIDADE SÃO VICENTE DE PAULO;"77893469000121";420930
HOSPITAL DE PRONTOCLINICA LTDA.;"90619818000180";341941
HOSPITAL DONA BALBINA;"55189930000127";329355
HOSPITAL MÁRCIO CUNHA;"19878404000100";339954
HOSPITAL MINISTRO COSTA CAVALCANTI - PLANO DE SAÚDE ITAMED;"00304148000110";311359
HOSPITAL NOSSA SENHORA DAS GRAÇAS;"20600763000180";309401
HOSPITAL REGIONAL DE FRANCA;"68392604000164";309338
HOSPITAL RIO DOCE;"27836329000143";311499
HOSPITAL SANTA ISABEL;"25335803000128";322326
HOSPITAL SÃO JOSÉ DO AVAÍ;"29640612000120";321931
HOSPITAL SAO LUCAS;"22666341000133";305626
HUMANA SAUDE;"00361325000108";357511
IBBCA GESTÃO;"09298037000112";417050
IBCM;"92827666000136";419427
IDEAL ODONTO ASSISTÊNCIA ODONTOLÓGICA LTDA.;"01176747000168";414921
IDEAL SAÚDE;"26032244000140";420751
IDEAL VIDA E SAUDE;"02569472000195";415910
IDENTAL;"16482945000127";414557
IGM ODONTOLÓGICA;"21415709000128";419745
INDEPENDENCIA ADMINISTRADORA DE BENEFICIOS LTDA;"13412400000156";418277
INDUSTRIAS NUCLEARES DO BRASIL S/A - INB;"00322818000120";329282
INFRAERO;"00352294000110";400891
INOVA ADMINISTRADORA DE BENEFÍCIOS LTDA ME;"25291830000146";420301
INPAO;"00856424000152";389358
INSISO;"01628329000164";404772
INSTITUTO CURITIBA DE SAÚDE - ICS;"03518900000113";419010
INSTITUTO DE SAUDE ASCADE - ISA;"07804117000177";415634
INTEGRAL CONVÊNIO ODONTOLÓGICO;"13523003000151";418340
INTEGRAL CONVÊNIO ODONTOLÓGICO LTDA.;"60255171000193";359394
INTERBRASIL ADMINISTRADORA DE BENEFÍCIOS LTDA;"11980614000101";417998
INTERCLÍNICAS DO BRASIL ASSISTENCIA MÉDICA LTDA;"22694698000125";420841
INTERDENTAL;"37161015000141";314757
INTERDENTAL ODONTOLOGIA INTEGRADA LTDA.;"01081419000188";312525
INTERMED;"00885918000165";416398
INTERMEDICI PIRACICABA;"62476676000103";312282
INTERNACIONAL ADMINISTRADORA DE BENEFICIOS LTDA;"24297515000163";420913
INTRA SUL DE MINAS;"01647867000104";320838
INVEST HEALTH ADMINISTRADORA DE BENEFÍCIOS;"09323142000164";418005
INVEST ORAL PLANO ODONTOLÓGICO LTDA.;"05735399000172";416240
IOMA;"07521370000113";414981
IRM.DA STA.CASA DE MIS.E MAT. DONA ZILDA SALVAGNI;"72127210000156";321320
IRMANDADE DA SANTA CASA DE MISERICÓRDIA DE CATAGUASES;"19529478000131";400319
IRMANDADE DA SANTA CASA DE MISERICÓRDIA DE RIO CLARO;"56384183000140";347655
IRMANDADE NOSSA SENHORA DAS MERCES DE MONTES CLAROS;"22669931000110";363685
ISODONT;"05597049000197";415260
ITAGUAÍ SAÚDE;"08893586000172";416711
ITAIPU BINACIONAL;"00395988000135";366234
ITAUSEG SAÚDE;"04463083000106";884
JOAQUIM OLIVEIRA S/A PARTICIPAÇÕES;"87456562000122";341371
JTC ODONTOLOGIA LTDA.;"14675662000176";418722
JUDICEMED;"07945024000162";417955
JURAL ADMINISTRADORA;"13153123000104";418161
JUST LIFE BENEFÍCIOS;"11570879000123";419371
LANCERS ADMINISTRADORA DE BENEFÍCIOS DE SAÚDE LTDA.;"17827384000113";419095
LEADER;"02127779000136";364592
LEXUS ADMINISTRADORA DE BENEFICIOS LTDA;"15648898000186";418706
LIFE CLASS;"14468083000152";418595
LIFE EMPRESARIAL SAÚDE;"04558034000157";414492
LIFE LAGOS SAUDE;"68687722000108";409286
LIFE SÃO PAULO ASSISTÊNCIA MÉDICA;"01382881000115";339750
LIFEDAY PLANOS DE SAÚDE LTDA.;"90450412000116";309699
LIS DENTAL LTDA;"12591489000100";417971
LITORAL CONVÊNIOS E CREDENCIAMENTO ODONTOLÓGICO LTDA ME;"11247195000195";418358
LOTUS ODONTO;"05531677000170";415537
LP VIDA;"28958857000138";421294
LUNA CARE;"28633372000174";421154
MADIA & DUARTE ADMINISTRADORA DE BENEFÍCIOS DE SAÚDE LTDA;"12116553000193";418234
MAIS SAÚDE ASSISTÊNCIA ODONTOLÓGICA;"19031941000110";420051
MAIS SAUDE S/A;"19691730000104";419516
MAIS SAÚDE SANTA CASA;"15323270000100";419150
MAPFRE SAÚDE LTDA;"15300953000142";418951
MAPMA;"11055313000163";417564
MARKI ODONTO;"02690989000138";407941
MASTER HEALTH;"26701100000139";420964
MASTER ODONTO ASSISTÊNCIA ODONTOLÓGICA;"04879295000179";416215
MATÃO CLINICAS & AMHMA SAÚDE;"50432863000106";416495
MATTOS ODONTOLOGIA LTDA;"00844669000160";329967
MAXMED;"11235328000103";417696
MD ODONTO;"10456692000130";417131
MECÂNICAS E DO MATERIAL ELÉTRICO DE BRUSQUE;"21205801000163";419851
MED CORP SAÚDE CORPORATIVA;"20613814000109";419559
MED VIDA SAÚDE;"00303696000125";402478
MED-TOUR SAUDE;"00453863000114";328537
MEDCLASS BENEFÍCIOS;"26286602000140";420727
MEDCLASS BENEFÍCIOS;"29045908000101";421278
MEDIATORE;"13124700000130";419532
MEDIATORIE ADMINISTRADORA DE BENEFÍCIOS LTDA ME;"26114773000192";420859
MEDICAL;"01370425000155";360767
MEDICAL HEALTH;"02282844000106";400190
MEDICAL RIO;"19240166000103";419320
MEDIPLAN;"49364193000159";368849
MEDISERVICE;"57746455000178";333689
MEDPLAN;"01892976000189";337510
MEDSENIOR;"31466949000105";335614
MEGAMED SAUDE;"29780384000194";342955
MEMORIAL SAUDE LTDA;"02902680000164";373010
MERCOPLAN PLANOS DE SAÚDE;"01432102000149";360147
METLIFE PLANOS ODONTOLÓGICOS LTDA.;"03273825000178";406481
METODONT;"00428553000140";300365
METRUS INSTITUTO DE SEGURIDADE SOCIAL;"44857357000166";380661
MH VIDA - OPERADORA DE PLANOS DE SAÚDE - EIRELI;"03670297000190";412015
MINERAÇÃO CARAÍBA;"42509257000113";416703
MOGIDONTO;"48098909000150";354741
MONTREALSEG ADMINISTRADORA DE BENEFÍCIOS LTDA;"17278612000143";420131
MSA ADMINISTRADORA DE BENEFICIOS LTDA;"23532987000190";420018
MUITO MAIS SAÚDE ADMINISTRADORA DE BENEFÍCIOS;"23821141000170";420140
MULTI-BUCAL CONVÊNIO ODONTOLÓGICO;"01306081000115";351351
MULTI-SAÚDE;"02026403000135";402851
MULTICLÍNICA SERVIÇOS DE SAUDE LTDA;"90403874000182";354554
MÚLTIPLA ADMINISTRAÇÃO DE BENEFÍCIOS;"22168391000190";420034
MUND ODONTO;"09351546000161";417700
MÚTUA DOS MAGISTRADOS;"30460075000116";418650
NACIONAL SAÚDE;"21977451000153";421286
NEW ODONTO ADMINISTRAÇAO DE CONVENIOS ODONTOLOGICOS LTDA;"03459847000127";415456
NEWKLIN ODONTOCLÍNICA;"02949417000120";415057
NEXO - ADMINISTRADORA DE BENEFICIOS LTDA;"28311619000136";421146
NORDESTE SAÚDE EMPRESARIAL;"03773153000160";412759
NOSSA SAÚDE;"02862447000103";372609
NOTRE DAME INTERMÉDICA SAÚDE S.A.;"44649812000138";359017
NOVODENTE;"02919940000104";417840
NUCLEO ASSISTENCIA ODONTOLOGICA;"01855799000160";359866
NUCLEP;"42515882000178";352888
NUNES & GROSSI ADMINISTRADORA DE BENEFICIOS E SERVIÇOS LTDA;"11925725000107";417645
ODONTO CARD    ;"04556810000180";419346
ODONTO CORPUS S/S LTDA.;"02238710000180";405973
ODONTO JARAGUA;"00515717000176";312321
ODONTO LIFE;"01468033000123";406414
ODONTO LIVE;"10364053000145";417831
ODONTO PLUS;"92395847000130";405671
ODONTO PRIME;"17048922000171";418994
ODONTO PRIME PLANOS ODONTOLÓGICOS;"25241547000100";420212
ODONTO QUALIT;"07335693000112";416347
ODONTO S.A;"10767219000174";417106
ODONTO SAÚDE;"52364197000141";404365
ODONTO SEG;"14891935000110";419281
ODONTO SYSTEM;"23595762000183";334588
ODONTO TOTAL STORE;"01729345000143";414468
ODONTOART;"03187913000157";414387
ODONTOASSIST;"04708133000178";414336
ODONTOBASE;"01208983000119";344486
ODONTOCLASSIC;"02298249000150";407241
ODONTOCLÍNICA PLANOS ODONTOLÓGICOS;"25186649000170";420743
ODONTOCLINICA RCC LTDA. S/S;"94523503000195";418111
ODONTOFACE;"02399661000167";417068
ODONTOGROUP;"02751464000165";389854
ODONTOLOGICA;"66493529000100";386219
ODONTOLÓGICA E HOSPITALAR S.A.;"44295962000190";309192
ODONTOLOGYC SYSTEM;"05960862000180";416461
ODONTOMAIS;"15441865000160";419184
ODONTOMAX;"03675590000140";411426
ODONTOMAXI;"17211049000196";419583
ODONTOMIX;"57266116000194";340227
ODONTOMOINHOS;"11545566000115";417521
ODONTOPARA LTDA;"14714412000106";418714
ODONTOPERSONNALITÉ;"07794023000164";418889
ODONTOPERSONNALITE;"08749109000138";416363
ODONTOPLAN;"03447952000146";410071
ODONTOPLAN;"16526992000125";418668
ODONTOPLAN ASSISTÊNCIA ODONTOLÓGICA LTDA;"05870140000134";416355
ODONTOPLAN BH;"97403778000183";416410
ODONTOPONTA CLINICA ODONTOLÓGICA LTDA;"03785927000172";416673
ODONTOPREV;"58119199000151";301949
ODONTOREALE;"00361946000183";412040
ODONTOVIDA;"83335596000108";418200
ODONTOVIDE PLANOS ODONTOLÓGICOS;"02909139000188";416665
ODONTRAT;"02492694000157";415961
OESTE SAÚDE;"08708980000193";416738
OMINT;"44673382000190";359661
ONEPLAN PLANOS ODONTOLÓGICOS;"11485447000114";418790
ÔNIX OPERADORA DE PLANOS DE SAÚDE LTDA;"28023703000154";407534
OPERADORA DE PLANOS DE SAÚDE SERRA IMPERIAL LTDA.;"01130185000111";409235
OPLAN SAÚDE;"13816250000146";418226
OPTPLAN;"11962397000119";419222
OPUS DEI ADMINISTRADORA DE BENEFICIOS EIRELI;"30489359000135";421405
ORAL BRASIL PLANOS ODONTOLOGICOS;"03471880000172";413127
ORAL GAM ASSISTENCIA ODONTOLÓGICA LTDA;"04942097000102";418447
ORAL SANTA HELENA;"04430627000133";415987
ORAL SAÚDE;"01656711000181";379557
ORAL SAÚDE CLÍNICA ODONTOLÓGICA LTDA.;"02479891000136";311693
ORAL SAÚDE DE IBITINGA SERV. ODONTOL. S/S LTDA;"01972369000129";366510
ORALE PLANOS DE ASSISTÊNCIA ODONTOLÓGICA;"03990914000135";412996
ORALMED ASSISTENCIA ODONTOLOGICA;"00073193000100";333620
ORALPLAN;"26766016000101";420972
ORALPLANOS ASSISTÊNCIA ODONTOLÓGICA LTDA ME;"20966807000190";419656
ORALSYSTEM;"05825236000180";417203
ORION PLANOS E SERVIÇOS ODONTOLÓGICOS LTDA;"07479804000164";416371
OROS OPERADORA DE PLANOS ODONTOLÓGICOS;"18496204000120";419991
ORTHO LIFE DENTAL;"24734571000118";420719
ORTOBAHIA PLANOS ODONTOLOGICOS;"21553778000106";419681
OURO BRASIL;"15027664000111";418609
PADRE ALBINO SAUDE;"23869306000184";420158
PADRE PIO PLANOS DE SAÚDE;"25141173000150";420816
PAM;"82353079000107";315265
PAME - PLANOS DE ASSISTÊNCIA MÉDICA;"01591800000197";342408
PAN DENTAL ODONTOLOGIA DE GRUPO LTDA.;"04911101000175";414662
PAPELÃO E CORTIÇA DO ESTADO DE SÃO PAULO - SEPACO;"60961422000155";420077
PARANÁ CLÍNICAS;"76717040000110";350141
PARRA ODONTOLOGIA - ATUAL CONVENIO;"07075561000107";415782
PASA;"39419809000198";331988
PASSPORT SYSTEM;"14938785000152";420778
PENTÁGONO ADMINISTRADORA DE BENEFÍCIOS;"23588140000128";420115
PETROBRAS;"33000167000101";366871
PINTI SAÚDE PLANOS ODONTOLÓGICOS LTDA;"08493373000153";419460
PLADISA;"17897995000138";419486
PLAM;"22027346000116";382281
PLAMED PLANO DE ASSISTENCIA MEDICA LTDA;"15594468000129";343463
PLAMEDH;"04299994000140";413551
PLAMER - PLANO MEDICO RESENDE;"68682715000105";324299
PLAMESC- PLANO MÉDICO SANTA CASA;"19512026000147";419974
PLAMHEG;"02881039000190";373141
PLAMHUV;"14408631000159";418501
PLANALTO ADMINISTRADORA DE BENEFÍCIOS;"26134881000127";420671
PLANET LIFE;"10395958000182";418064
PLANIDENTE;"02635197000160";403865
PLANMED;"37035441000139";358053
PLANO AMAZÔNIA SAÚDE;"16926969000128";419052
PLANO AMIGO ASSISTÊNCIA MÉDICA;"32538373000107";349755
PLANO DE SAÚDE - SMH;"31160674000187";351644
PLANO DE SAÚDE ANA COSTA LTDA.;"02864364000145";360244
PLANO DE SAÚDE FÁTIMA;"73717639000166";369373
PLANO DE SAÚDE SANTA CASA DE VALINHOS;"20961779000119";419958
PLANO DE SAÚDE SÃO CAMILO;"83506030000100";318299
PLANO DE SAÚDE TACCHIMED;"87547444000120";342556
PLANO HOSPITAL SAMARITANO LTDA;"03011072000122";411256
PLANO SANTA CASA SAÚDE;"13001218000102";418021
PLANO SANTA CASA SAUDE DE TUPÃ;"72547623000190";306045
PLANODENTE LTDA.;"02704297000100";416517
PLANODONT SERVIÇOS ODONTOLÓGICOS LTDA;"08375051000100";418366
PLANSUL;"15713057000105";420000
PLANT SAÚDE;"00846662000187";379280
PLASAC;"02716508000116";306444
PLATINUM ADMINISTRADORA DE BENEFICIOS;"11792899000149";418986
PLENA ADMINISTRADORA DE BENEFÍCIOS;"27657711000190";420956
PLENA SAÚDE;"00338763000147";348830
PLENODONTO;"01460885000174";403458
PLURAL ADMINISTRADORA DE BENEFICIOS;"97553801000116";418552
PLURICLUB ADMINISTRADORA DE BENEFÍCIOS LTDA.;"11275925000161";417751
PLUSDENT- PLANOS ODONTOLÓGICOS;"14387374000116";419885
POLI SAUDE OPERADORA DE PLANO DE SAUDE LTDA;"02896924000143";351270
POLICLIN SAÚDE S/A.;"04202013000102";415693
POLICON ASSISTENCIA MÉDICA LTDA - EPP;"01232527000104";412228
POLIMÉDICA SAÚDE;"93507895000136";316903
POLYMED;"85137891000185";332291
POPDENTS PLANOS ODONTOLOGICOS;"23471838000169";420026
PORTO ALEGRE CLÍNICAS LTDA.;"89890172000191";346870
PORTO DENTAL;"13991711000117";418625
PORTO DIAS SAUDE;"06145428000109";415081
PORTO SEGURO SAÚDE;"04540010000170";582
PORTOMED - PORTO SEGURO SERVIÇOS DE SAUDE LTDA;"11565995000154";417491
POSITIVA ADMINISTRADORA DE BENEFÍCIOS;"25006061000197";420280
POSTAL SAÚDE;"18275071000162";419133
PREMIUM ADMINISTRADORA;"28786120000185";421227
PREMIUM SAÚDE;"12682451000135";417823
PREST ODONTO LTDA;"02072276000100";384844
PREV ODONTO ASSISTÊNCIA ODONTOLÓGICA S/C LTDA.;"02081601000100";335410
PREV SYSTEM;"09550419000191";401609
PREV-DONT;"03310432000197";410420
PREVENT SENIOR;"00461479000163";302147
PREVENT SENIOR CORPORATE OPERADORA DE SAÚDE LTDA.;"04234059000103";413267
PREVIDENT;"56269913000162";374440
PREVINA;"03073235000100";403636
PREVISÃO ADMINISTRADORA DE BENEFÍCIOS LTDA.;"13951333000148";418307
PREVODOCTOR;"02859709000172";412830
PREVTOP;"01672007000112";333239
PRIMA VIDA;"08787782000162";416525
PRIMAVERA SAÚDE;"21178978000118";419800
PRIME HEALTH ADMINISTRADORA DE BENEFICIOS LTDA-EPP;"28668024000132";421171
PRÓ ODONTO;"01451680000122";400106
PRO-SAUDE;"73565319000138";409634
PRO-SAUDE CARD;"09433795000104";418170
PROASA PROGRAMA ADVENTISTA DE  SAUDE;"02752923000125";310522
PRODENT - ASSISTÊNCIA ODONTOLÓGICA;"61590816000107";380041
PRODONTO;"27971787000195";402150
PROGRAMA DE ASSISTÊNCIA MÉDICA LÍDER;"05054671000159";412490
PROI ODONTOLOGIA;"03763003000175";411728
PROJETO SORRIR OU PROSORRIR;"00395266000180";415065
PROMED;"12049486000131";418617
PROMED ;"00558356000145";348805
PROMED ASSISTÊNCIA MÉDICA;"03629963000147";410632
PROMEDICA;"15214919000155";326861
PRONTOCLÍNICA;"03044492000105";363189
PRONTOMED LTDA.;"20168589000149";301728
PRONTOMED NOVO HAMBURGO LTDA;"88870092000101";302490
PRONTOMEDICO PLANO DE ASSISTENCIA MEDICA LTDA;"20437133000137";362182
PRUDENT PLANOS ODONTOLOGICOS S/S LTDA;"06184301000107";416151
QUALICORP ADMINISTRADORA DE BENEFÍCIOS S.A.;"07658098000118";417173
QUALISAUDE;"27323544000140";420999
QUALITEK;"12584316000157";417807
QUALIVIDA ADMINISTRADORA DE BENEFICIOS LTDA;"19679483000120";419389
QUALY ODONTO;"11567517000183";418153
QUANTICA ADMINISTRADORA DE BENEFICIOS DA SAÚDE LTDA;"12031265000136";418099
RAMED ADMINISTRADORA DE BENEFICIOS LTDA.;"13785956000198";418196
RBS PARTICIPAÇÕES S/A;"68737857000122";418862
REAL ADMINISTRADORA;"27652972000117";421103
REAL GRANDEZA - FUNDAÇÃO DE PREVIDÊNCIA E ASSISTÊNCIA SOCIAL;"34269803000168";331317
REDE DENTAL;"38743266000105";412350
REDEODONTO;"07920673000109";418498
RESOLVE ADMINISTRADORA DE BENEFÍCIOS LTDA;"13746922000194";418692
RIBERDENTE SERVIÇOS ODONTOLÓGICOS S/S LTDA;"03524677000117";417149
RINALDI CLINICA DE ODONTOLOGIA;"06214361000117";419508
RIO DOCE SAÚDE;"29910807000143";421359
RISO PLANO ODONTOLOGICO;"01872588000136";365297
RIZZO ODONTOLOGIA LTDA.;"01184661000187";416592
RN SAÚDE;"04467112000108";414131
ROPE;"67989434000137";415821
RS - COOPERATIVA DE ASSISTÊNCIA À SAÚDE LTDA.;"92128610000193";335541
S;"12345678912345";1212
S & M SAÚDE DENTAL;"72447337000152";414727
S1 SAÚDE;"27113113000150";420981
SABESPREV;"65471914000186";336165
SABET SAÚDE ABET;"02221727000124";415448
SALUPLAN ADMINISTRADORA DE BENEFÍCIOS LTDA;"19663787000108";419567
SALUTAR;"04518814000173";27
SAM-BEMAT;"37501103000145";331856
SAME;"02858169000102";305928
SAME;"41369935000127";415901
SAMEISA;"03627391000167";411809
SAMEL;"84537141000138";367095
SAMIG - SERV.DE ASSISTENCIA MEDICA DA ILHA DO GOVERNADOR LTDA;"42425561000182";340162
SAMOC;"33721226000130";343676
SAMP;"02403281000159";342033
SAMP;"02562406000193";346471
SANSAÚDE;"72957814000120";330116
SANTA CASA CLÍNICAS;"24807514000111";420786
SANTA CASA CLINICAS;"45383106000150";314102
SANTA CASA DE MAUÁ;"57553265000134";403920
SANTA CASA DE MAUÁ SAÚDE;"08225953000160";421197
SANTA CASA DE MISERICÓRDIA DE ITAPEVA;"49797293000179";345741
SANTA CASA DE MISERICÓRDIA DE JUIZ DE FORA;"21575709000195";342807
SANTA CASA DE MISERICÓRDIA DE PASSOS;"23278898000160";333875
SANTA CASA DE MISERICORDIA DE PONTA GROSSA;"80238926000159";419338
SANTA CASA DE MISERICORDIA DE SAO JOAQUIM DA BARRA;"59849182000112";345091
SANTA CASA DE MISERICORDIA DE SÃO JOSÉ DO RIO PARDO - HOSPITAL S;"59901454000186";353264
SANTA CASA DE MOCOCA;"52505153000194";308005
SANTA CASA SAÚDE;"18321477000134";419249
SANTA CASA SAÚDE;"54370630000187";354562
SANTA CASA SAUDE;"79115762000193";336831
SANTA CASA SAÚDE;"20918393000124";419699
SANTA CASA SAÚDE;"24645912000189";420166
SANTA CASA SAÚDE;"44945962000199";344915
SANTA CASA SAÚDE DE ARAÇATUBA;"16665579000141";418803
SANTA CASA SAÚDE DE LEME;"12843433000198";418641
SANTA CASA SAÚDE DE RIBEIRÃO PRETO;"10935483000170";417947
SANTA CASA SAÚDE DE SÃO JOSÉ DO RIO PRETO;"59981712000181";339539
SANTA FILOMENA SAUDE;"03637776000105";410888
SANTA HELENA SAÚDE;"43293604000186";355097
SANTA RITA SAUDE;"95642179000197";348180
SÃO BERNARDO SAÚDE;"31488208000125";363766
SÃO DOMINGOS SAÚDE;"00636975000100";319180
SÃO FRANCISCO ODONTOLOGIA;"02727724000167";365319
SAO FRANCISCO SAUDE;"01613433000185";302091
SÃO FRANCISCO VIDA;"14946109000120";419141
SÃO LUCAS SAÚDE;"02513939000185";363391
SÃO LUCAS SAÚDE;"96509690000188";344362
SÃO LUIZ SAÚDE;"27067508000163";421006
SÃO LUIZ SAÚDE;"44215341000150";322920
SÃO MIGUEL SAÚDE;"66854779000110";325236
SAO PAULO TRANSPORTE S.A.;"60498417000158";381799
SÃO VICENTE SAÚDE;"22296115000108";406457
SAOS;"02422484000192";324710
SASC SANTA CASA DE SAÚDE COMPLEMENTAR;"24729097000136";408522
SAUDE;"23854409000170";410047
SAÚDE BENEFICÊNCIA;"11939445000158";417530
SAÚDE BRB;"04859814000137";414310
SAUDE CASSEB;"13373539000138";418781
SAÚDE CEAM;"18987107000130";311472
SAÚDE CONCEIÇÃO;"02903477000102";330892
SAÚDE E ODONTOLÓGICO LTDA;"07983974000181";417122
SAÚDE É TUDO ASSISTÊNCIA ODONTOLÓGICA LTDA.;"04671075000155";415171
SAÚDE FÁCIL;"08049842000140";417319
SAÚDE GOIÂNIA LTDA;"01032102000151";401196
SAUDE MAIOR;"92219070000153";413372
SAUDE PAS;"03424929000136";409243
SAUDE REAL;"01599587000160";358711
SAÚDE RURAL;"11336728000105";418218
SAÚDE SANTA TEREZA LTDA.;"05029064000139";414930
SAÚDE SÃO JOSÉ;"11867361000156";418919
SAUDE SAO LUCAS;"51502821000167";323811
SAÚDE SIM;"02464179000163";320111
SAÚDE UNIFENAS;"01474814000120";344010
SAÚDE VIDA;"64486285000103";349194
SBC SAÚDE ;"03977587000181";412058
SCS;"23053901000147";420085
SEGUROS UNIMED;"04487255000181";701
SEMPRE ODONTO;"04222235000189";414654
SEMPRE SAÚDE ADMINISTRADORA DE BENEFÍCIOS;"26143531000127";420263
SEMTRA ADMINISTRADORA DE BENEFÍCIOS ;"11654937000105";417416
SEPACO SAUDE;"03219363000100";407224
SERMED ODONTO;"07154253000169";415243
SERMED-SAÚDE LTDA.;"64924095000112";303739
SERPRAM;"25658691000146";306649
SERPRO;"33683111000107";345474
SERVIX;"10495931000161";417602
SESI - MG ODONTOVIDA;"10796140000171";417220
SHARING PLANOS ODONTOLÓGICOS;"01127309000100";351628
SILVESTRE SAÚDE;"02774736000142";354511
SIM;"79831608000118";356476
SIMPLES ADMINISTRADORA DE BENEFÍCIOS LTDA ME;"25073621000126";420689
SINDESTIVASAUDE;"18571164000134";419273
SINDIFISCO NACIONAL;"03657699000155";361011
SISDENTE;"01942793000120";344095
SISSAUDE ODONTO;"00211378000134";315630
SISTEMA PAULISTA DE ASSISTÊNCIA SAÚDE;"69259356000140";324493
SISTEMA VIDA DE SAÚDE;"52852100000140";333808
SISTEMAS;"02852017000100";352586
SISTEMAS ASSISTENCIA ODONTOLOGICA LTDA.;"13623104000102";418315
SITTO;"07054725000101";416266
SLAM;"36751634000123";358509
SM SAUDE;"31754070000169";311405
SMART DENTAL;"24000629000108";420298
SMILE ;"37135365000133";395480
SÓ ODONTOLOGIA;"09449971000198";416878
SOBAM CENTRO MÉDICO HOSPITALAR S.A.;"50739135000141";326500
SOCIEDADE BENEFICENTE DEZOITO DE JULHO;"16608812000154";413721
SOESP;"65045486000120";405604
SOLIDENTE;"73862807000107";415871
SOLUTIONS ADMINISTRADORA;"25308386000124";420948
SOMPO SAÚDE SEGUROS S.A.;"47184510000120";477
SOPREVI SAÚDE BUCAL;"89455315000137";403245
SORRIDEN;"19304091000187";419524
SORRIFÁCIL PLANO DE SAÚDE;"24048853000161";421260
SORRIR ODONTO;"20392653000170";419915
SORRISO ASSISTENCIA ODONTOLOGICA;"07260668000117";415332
SORRISO OPERADORA ODONTOLÓGICA LTDA;"09215155000110";416631
SORRISO UNIDENT;"00717142000174";404942
SSI SAÚDE;"00668790000188";320820
STA ROSA E SÃO SIMÃO COOP. TRAB. MÉDICO;"03029587000150";402834
STSAUDE - SISTEMA TOTAL DE SAUDE;"53454617000143";402001
SUA SAÚDE ADMINISTRADORA DE BENEFÍCIOS LTDA-ME;"26732895000142";420824
SUL AMERICA COMPANHIA DE SEGURO SAÚDE;"01685053000156";6246
SUL AMÉRICA ODONTOLÓGICO S/A;"11973134000105";417815
SUL AMÉRICA SERVIÇOS DE SAÚDE S.A.;"02866602000151";416428
SUL REAL VIII PARTICIPAÇÕES LTDA;"17636807000118";419648
SULMED;"90747908000156";338346
TECNICAX;"04750927000108";420221
TELOS - FUNDAÇÃO EMBRATEL DE SEGURIDADE SOCIAL;"42465310000121";316849
TEN ADMINISTRADORA DE BENEFICIOS LTDA;"19726670000118";419478
TESTE 3;"01234567891234";123456
TOP CLIN PLANOS ODONTOLOGICOS;"09030500000140";419818
TOP DOCTOR'S ODONTOLOGIA LTDA;"07898011000180";416193
TOPDONTO;"10360856000121";417114
TOTAL DOOR;"01055838000145";401757
TOTAL MEDCARE;"02888465000156";318477
TUIUIU ADM. DE PLANO DE SAUDE LTDA;"04002216000147";412252
UNIÃO ADMINISTRADORA DE BENEFÍCIOS;"16757674000175";418773
UNIÃO MÉDICA;"04745753000187";414581
UNIAO SAUDE;"02912196000116";314609
UNIBEN ADMINISTRADORA DE BENEFICIOS LTDA;"15156097000101";418528
UNICONSULT - ADMINISTRADORA DE BENEFICIOS E SERVICOS LTDA;"24277422000177";420107
UNIDASODONTO LTDA.;"04034424000128";413933
UNIDENTAL;"00900974000121";401277
UNIDENTAL;"02889453000146";401072
UNIDENTIS ASSISTÊNCIA ODONTOLÓGICA LTDA;"04222989000139";413429
UNIDONTO;"05774975000190";414701
UNIDONTO SUL FLUMINENSE;"72261803000100";363171
UNIHOSP;"01445199000124";385255
UNIHOSP;"04083773000130";412538
UNIMED (RS)  ERECHIM;"87638334000173";357022
UNIMED (RS) VALE DO SINOS;"88258884000120";356417
UNIMED - COOPERATIVA DE SERVIÇOS DE SAÚDE DOS VALES DO TAQUARI E RIO PARDO LTDA.;"87300448000109";306398
UNIMED - INTRAFEDERATIVA DO VALE DO PARAÍBA;"01773319000112";334511
UNIMED ALÉM PARAIBA;"71086698000158";313955
UNIMED ALFENAS;"42946061000196";354996
UNIMED ALTA MOGIANA;"57214900000159";324159
UNIMED ALTO DA SERRA;"88732318000108";343684
UNIMED ALTO JACUÍ;"72234164000194";352519
UNIMED ALTO PARANAIBA;"00763923000103";341819
UNIMED ALTO SÃO FRANCISCO;"42889436000123";348261
UNIMED ALTO URUGUAI/RS;"72500697000170";306959
UNIMED ALTO VALE;"00381694000154";372561
UNIMED AMPARO;"65422339000121";345598
UNIMED ANÁPOLIS;"26629238000174";312347
UNIMED ANDRADAS;"00365720000150";352861
UNIMED ANGRA DOS REIS;"02418258000138";322547
UNIMED ANHANGUERA COOPERATIVA DE TRABALHO MÉDICO;"54012406000113";348082
UNIMED APUCARANA;"81064511000179";358096
UNIMED ARAGUAIA;"37436920000167";304468
UNIMED ARAGUARI;"20909271000171";354325
UNIMED ARARUAMA COOPERATIVA DE TRABALHO MÉDICO LTDA.;"00111826000128";335215
UNIMED ARAXÁ;"25910449000118";331651
UNIMED ARIQUEMES;"01148132000128";358169
UNIMED BAIXA MOGIANA;"49210966000142";311847
UNIMED BARBACENA;"25810946000144";309087
UNIMED BARRA DO PIRAÍ;"39210844000100";320897
UNIMED BAURU;"44456036000150";369659
UNIMED BH;"16513178000176";343889
UNIMED BLUMENAU;"82624776000147";334561
UNIMED BOTUCATU;"45425899000122";304883
UNIMED CABO FRIO;"27626696000112";323357
UNIMED CAÇADOR;"01569902000106";346951
UNIMED CÁCERES;"01143922000110";350346
UNIMED CAJAZEIRAS - COOPERATIVA DE TRABALHO MÉDICO;"02314168000105";344141
UNIMED CAMPINA GRANDE;"08707473000135";367397
UNIMED CAMPINAS;"46124624000111";335690
UNIMED CAMPO BELO- COOPERATIVA DE TRABALHO MÉDICO;"42939207000176";367613
UNIMED CAMPO GRANDE;"03315918000118";312851
UNIMED CARATINGA - COOPERATIVA DE TRABALHO MÉDICO;"26368613000170";347736
UNIMED CARUARU;"24449225000198";340952
UNIMED CATAGUASES COOPERATIVA DE TRABALHO MÉDICO LTDA;"64327059000171";315648
UNIMED CATANDUVA;"45118429000116";351407
UNIMED CENTRO OESTE PAULISTA - FEDERACAO INTRAFEDERATIVA DAS COO;"01608379000180";357138
UNIMED CENTRO PAULISTA;"03230123000107";414573
UNIMED CENTRO-OESTE;"42940528000190";304344
UNIMED CENTRO-OESTE E TOCANTINS;"01409581000182";347361
UNIMED CERRADO;"00366982000130";386596
UNIMED CHAPECÓ;"85283299000191";354295
UNIMED CIRCUITO DAS AGUAS;"25471574000179";370088
UNIMED CONSELHEIRO LAFAIETE;"21839519000138";345709
UNIMED COSTA DO DESCOBRIMENTO;"97388490000187";324345
UNIMED COSTA DO SOL;"35830868000101";302953
UNIMED COSTA OESTE;"78931391000155";371106
UNIMED COSTA VERDE;"36540979000138";311146
UNIMED CRICIÚMA;"82996703000186";329339
UNIMED CUIABÁ;"03533726000188";342084
UNIMED CURITIBA - SOCIEDADE COOPERATIVA DE MÉDICOS;"75055772000120";304701
UNIMED DAS ESTÂNCIAS PAULISTAS - OPERADORA DE PLANOS DE SAÚDE SOCIEDADE COOPERATIVA;"01029782000154";348066
UNIMED DE ADAMANTINA;"00262338000111";311944
UNIMED DE ANDRADINA COOPERATIVA DE TRABALHO MEDICO;"02687852000124";303844
UNIMED DE ARACATUBA;"51093193000103";369411
UNIMED DE ARAGUAINA;"25064148000110";313084
UNIMED DE ARARAQUARA;"45272366000158";364312
UNIMED DE ASSIS;"54991211000162";300713
UNIMED DE AVARÉ;"50368034000101";304123
UNIMED DE BARRA MANSA;"29290152000158";330264
UNIMED DE BARRETOS;"71925531000133";347108
UNIMED DE BATATAIS;"52657079000121";313149
UNIMED DE BEBEDOURO;"60633369000163";331341
UNIMED DE BELÉM;"04201372000137";303976
UNIMED DE BIRIGUI;"65732836000126";345776
UNIMED DE BOA VISTA COOP TRABALHO MEDICO;"10169852000160";304158
UNIMED DE BRUSQUE COOPERATIVA DE TRABALHO MÉDICO;"01554266000149";348244
UNIMED DE CAÇAPAVA - COOPERATIVA DE TRABALHO MEDICO;"48721401000167";334154
UNIMED DE CALDAS NOVAS;"00342481000113";343765
UNIMED DE CAMPOS;"40294225000112";352683
UNIMED DE CAPIVARI;"59499251000105";366340
UNIMED DE CASCAVEL;"81170003000175";370070
UNIMED DE CATALÃO;"01193663000132";324566
UNIMED DE CIANORTE COOPERATIVA DE TRABALHO MEDICO LTDA;"81733115000197";354627
UNIMED DE CORUMBÁ;"02018620000183";344788
UNIMED DE DOURADOS;"15395999000192";333662
UNIMED DE DRACENA;"68204486000113";314781
UNIMED DE FEIRA DE SANTANA;"13342878000157";322261
UNIMED DE FERNANDOPOLIS;"53535654000186";326089
UNIMED DE FORTALEZA;"05868278000107";317144
UNIMED DE FRANCA;"45309606000141";354783
UNIMED DE GUARATINGUETÁ - COOPERATIVA DE TRABALHO MÉDICO;"45207131000182";355577
UNIMED DE GUARULHOS;"74466137000172";333051
UNIMED DE IBITINGA;"00494870000164";365238
UNIMED DE ITAPETININGA;"57149775000140";353027
UNIMED DE ITAPEVA;"66916305000156";327468
UNIMED DE ITUVERAVA;"69087922000184";323055
UNIMED DE JABOTICABAL;"72783970000111";329886
UNIMED DE JATAÍ;"37652765000116";334847
UNIMED DE JOINVILLE;"82602327000106";321273
UNIMED DE LENÇOIS PAULISTA;"67417519000140";325031
UNIMED DE LINS;"71695746000105";354279
UNIMED DE LONDRINA;"75222224000147";343269
UNIMED DE LORENA COOPERATIVA DE TRABALHO MÉDICO;"48717516000188";385620
UNIMED DE MANAUS;"04612990000170";311961
UNIMED DE MARÍLIA;"66872888000160";336106
UNIMED DE MINEIROS;"37898335000189";357715
UNIMED DE MOCOCA;"00552181000169";328308
UNIMED DE MONTE ALTO;"67577171000159";309524
UNIMED DE OURINHOS;"51427540000197";311294
UNIMED DE PARANAGUÁ;"75003525000180";361615
UNIMED DE PARANAVAÍ;"81076069000109";320862
UNIMED DE PENAPOLIS COOP TRAB MEDICO;"00012698000165";323004
UNIMED DE PIRACICABA;"44803922000102";315729
UNIMED DE PIRASSUNUNGA COOPERATIVA DE TRABALHO MÉDICO;"00840048000108";314242
UNIMED DE PRESIDENTE PRUDENTE;"44863959000126";315796
UNIMED DE REGISTRO;"45467404000128";351776
UNIMED DE RIBEIRAO PRETO;"45232246000127";351202
UNIMED DE RIO CLARO SP;"44663631000166";306126
UNIMED DE SANTA BÁRBARA D'OESTE E AMERICANA - COOP DE TRABALHO M;"48628366000136";369292
UNIMED DE SANTOS COOP DE TRAB MEDICO;"58229691000180";355721
UNIMED DE SAO JOSÉ DO RIO PARDO;"96182068000108";354619
UNIMED DE SERTAOZINHO;"01545849000103";344150
UNIMED DE SOBRAL;"07649106000160";303178
UNIMED DE TAUBATÉ;"45171402000197";363286
UNIMED DE TRÊS LAGOAS;"03980208000102";342386
UNIMED DE TUBARAO;"85241339000132";364860
UNIMED DE TUPA;"56762172000157";365530
UNIMED DE UMUARAMA;"81710865000143";365777
UNIMED DE VOLTA REDONDA COOPERATIVA DE TRABALHO MEDICO;"35917970000130";364584
UNIMED DE VOTUPORANGA;"53807475000150";328073
UNIMED DIVINOPOLIS;"25250820000162";319121
UNIMED DO BRASIL;"48090146000100";300870
UNIMED DO CARIRI;"07583396000196";356123
UNIMED DO CEARA;"10395358000114";321958
UNIMED DO OESTE DA BAHIA;"34063123000193";325082
UNIMED DO OESTE DO PARANÁ - COOP. DE TRABALHO MEDICO;"78420783000150";305227
UNIMED DO SUDOESTE;"16415598000110";350371
UNIMED ENCOSTA DA SERRA;"73936395000102";311715
UNIMED EXTREMO OESTE CATARINENSE;"80653975000158";340251
UNIMED EXTREMO SUL COOPERATIVA DE TRABALHO MÉDICO;"42043067000153";346209
UNIMED FEDERAÇAO DO ESTADO DO MATO GROSSO;"02511261000100";328031
UNIMED FEDERAÇÃO RIO;"31432792000105";312363
UNIMED FRANCISCO BELTRAO;"81710543000102";336858
UNIMED FRONTEIRA NOROESTE/RS;"87689527000153";352179
UNIMED FRUTAL COOPERATIVA DE TRABALHO MÉDICO;"02248344000140";371564
UNIMED GERAIS DE MINAS;"26189530000113";330108
UNIMED GOIANIA;"02476067000122";382876
UNIMED GRANDE FLORIANÓPOLIS ;"77858611000108";360449
UNIMED GUARAPUAVA;"78044815000160";322571
UNIMED GUAXUPÉ;"26291484000169";318035
UNIMED GURUPI;"01476619000130";301124
UNIMED GV COOP TRABALHO MEDICO LTDA;"42892281000184";386588
UNIMED ILHEUS COOPERATIVA DE TRABALHO MEDICO;"63202063000140";347230
UNIMED IMPERATRIZ;"07057185000110";352543
UNIMED INCONFIDENTES;"22720791000167";304395
UNIMED ITABIRA COOPERATIVA DE TRABALHO MEDICO;"65276354000109";335517
UNIMED ITABUNA;"13245683000199";357065
UNIMED ITAJUBA COOPERATIVA DE TRABALHO MEDICO;"23802218000165";322831
UNIMED ITATIBA;"06091170000105";415014
UNIMED ITAÚNA;"71063853000110";356581
UNIMED ITUIUTABA;"41871989000196";301060
UNIMED JI PARANÁ;"00697509000135";347507
UNIMED JOAÇABA;"01356020000162";301744
UNIMED JOÃO MONLEVADE;"66191263000133";352314
UNIMED JOAO PESSOA;"08680639000177";321044
UNIMED JUIZ DE FORA COOPERATIVA DE TRABALHO MEDICO LTDA;"17689407000170";306886
UNIMED JUNDIAÍ;"56727134000163";303267
UNIMED LAVRAS;"66477217000103";345458
UNIMED LEOPLDINA;"42936518000181";386901
UNIMED LESTE FLUMINENSE;"28630531000187";343731
UNIMED LESTE PAULISTA COOPERATIVA DE TRABALHO MÉDICO;"53678264000165";358088
UNIMED LIMEIRA;"50480953000172";301574
UNIMED LITORAL;"85377174000120";303356
UNIMED LITORAL SUL/RS;"00103956000119";300136
UNIMED MACAPA;"10225225000108";366811
UNIMED MACEIÓ COOPERATIVA DE TRABALHO MEDICO;"12442737000143";327689
UNIMED MACHADO;"86584901000193";354678
UNIMED MARQUÊS DE VALENÇA;"00368318000120";321087
UNIMED METROPOLITANA DO AGRESTE;"35642768000143";318566
UNIMED MG;"19891852000144";363944
UNIMED MISSÕES/RS;"87701249000102";311618
UNIMED MORRINHOS;"02192677000102";342157
UNIMED MURIAÉ COOPERATIVA DE TRABALHO MEDICO LTDA;"25971433000115";368148
UNIMED NATAL SOCIEDADE COOPERATIVA DE TRABALHO MÉDICO;"08380701000105";335592
UNIMED NORDESTE PAULISTA FEDERAÇÃO INTRAFED.COOP.MEDICAS;"01559455000104";328294
UNIMED NORDESTE RS SOCIEDADE COOPERATIVA DE SERVIÇOS MÉDICOS LTD;"87827689000100";325571
UNIMED NOROESTE CAPIXABA COOPERATIVA DE TRABALHO MÉDICO.;"39384664000137";371629
UNIMED NOROESTE DE MINAS;"41905498000119";315494
UNIMED NOROESTE FLUMINENSE;"28974020000182";360414
UNIMED NOROESTE/RS;"87647756000105";357260
UNIMED NORTE CAPIXABA;"35988963000120";371777
UNIMED NORTE DE MINAS;"16921561000163";304051
UNIMED NORTE DO MATO GROSSO;"73967085000155";353663
UNIMED NORTE DO PARANÁ;"80297161000128";358282
UNIMED NORTE FLUMINENSE;"30417661000188";312592
UNIMED NORTE PIONEIRO - COOPERATIVA DE TRABALHO MÉDICO;"78953023000108";366064
UNIMED NORTE/NORDESTE;"09237009000195";324213
UNIMED NOVA FRIBURGO LTDA;"29135795000127";335479
UNIMED NOVA IGUAÇU;"28714533000154";344397
UNIMED OESTE DO PARA COOP TRABALHO MEDICO;"10219897000100";362140
UNIMED PALMAS;"37313475000148";309907
UNIMED PALMEIRA DOS ÍNDIOS;"41191677000131";369233
UNIMED PARAIBA;"40960189000189";324523
UNIMED PARANÁ;"78339439000130";312720
UNIMED PATO BRANCO;"80871551000160";370681
UNIMED PATOS;"08315806000180";336467
UNIMED PATOS DE MINAS COOPERATIVA TRABALHO MÉDICO;"38499547000156";353060
UNIMED PATROCÍNIO;"41687179000184";355593
UNIMED PELOTAS/RS;"89870547000151";311375
UNIMED PETROPOLIS;"28806545000109";323993
UNIMED PIAUÍ;"69599934000198";416576
UNIMED PINDAMONHANGABA;"47565155000139";342343
UNIMED PLANALTO;"36862415000111";310131
UNIMED PLANALTO CENTRAL RS;"89100135000132";362832
UNIMED PLANALTO MÉDIO;"87607149000111";319384
UNIMED PLANALTO NORTE;"85177194000158";317012
UNIMED POCOS DE CALDAS;"41781949000153";316148
UNIMED PONTA GROSSA;"77781706000162";349712
UNIMED PONTAL DO TRIÂNGULO;"00730439000170";353876
UNIMED PONTE NOVA E REGIÃO;"01012474000116";343722
UNIMED PORTO ALEGRE;"87096616000196";352501
UNIMED RECIFE COOPERATIVA DE TRABALHO MÉDICO;"11214624000128";344885
UNIMED REGIÃO DA CAMPANHA/RS;"89640452000141";350648
UNIMED REGIÃO DA FRONTEIRA - RS;"92316124000107";328375
UNIMED REGIÃO DA PRODUÇÃO/RS;"00532888000103";353698
UNIMED REGIONAL DE CAMPO MOURÂO;"81715716000177";306100
UNIMED REGIONAL DE PICOS;"69612158000119";313475
UNIMED REGIONAL FLORIANO;"41511429000120";316458
UNIMED REGIONAL JAÚ;"02322043000119";306762
UNIMED REGIONAL MARINGÁ COOP.DE TRABALHO MÉDICO;"76767219000182";371254
UNIMED REGIONAL SUL/GO;"33546979000157";305472
UNIMED RESENDE;"68709211000131";330566
UNIMED RIO BRANCO COOPERATIVA DE TRABALHO MEDICO LTDA;"84313741000112";337871
UNIMED RIO COOPERATIVA DE TRABALHO MEDICO DO RJ LTDA;"42163881000101";393321
UNIMED RIO VERDE;"37275625000176";320251
UNIMED RONDONIA;"05657234000120";337374
UNIMED RONDONÓPOLIS;"24676884000167";359777
UNIMED SALTO/ITU - COOPERATIVA MÉDICA;"58837188000107";346276
UNIMED SANTA CATARINA;"76590884000143";355691
UNIMED SANTA MARIA/RS - COOPERATIVA DE ASSISTÊNCIA À SAÚDE LTDA;"87497368000195";319708
UNIMED SANTO ANTONIO DE JESUS;"41972589000177";383520
UNIMED SAO CARLOS;"45359213000142";354031
UNIMED SÃO JOÃO DEL REI COOPERATIVA DE TRABALHO MEDICO;"25329079000120";323926
UNIMED SÃO JOÃO NEPOMUCENO;"71186886000158";327638
UNIMED SAO JOSÉ DO RIO PRETO;"45100138000109";335100
UNIMED SÃO LUÍS;"07142821000101";338559
UNIMED SAO ROQUE;"74521188000150";318388
UNIMED SÃO SEBASTIÃO DO PARAÍSO;"66453168000160";327352
UNIMED SAÚDE E ODONTO S.A;"10414182000109";416801
UNIMED SERRAS DE MINAS;"66343534000129";314587
UNIMED SETE LAGOAS COOPERATIVA TRABALHO MEDICO;"24014235000109";349534
UNIMED SJC;"60214517000105";331872
UNIMED SOROCABA;"45399961000159";348295
UNIMED SOUSA;"24294787000100";343153
UNIMED SUDOESTE DE MINAS;"71064539000152";324175
UNIMED SUL CAPIXABA;"32440968000125";320706
UNIMED SUL DO PARÁ COOPERATIVA DE TRABALHO MÉDICO;"14112023000100";366145
UNIMED SUL MINEIRA;"21490586000190";337188
UNIMED TATUÍ;"00006037000127";361941
UNIMED TERESINA;"07241136000132";353353
UNIMED TRÊS CORAÇÕES COOPERATIVA DE TRABALHO MÉDICO LTDA.;"42855999000109";359033
UNIMED TRÊS PONTAS - COOPERATIVA DE TRABALHO MÉDICO;"64388812000139";364070
UNIMED TRÊS RIOS;"00946953000147";337498
UNIMED TRES VALES;"66343559000122";316881
UNIMED UBA;"25686544000180";362573
UNIMED UBERABA LTDA.;"17774738000109";354066
UNIMED UBERLÂNDIA;"17790718000121";384577
UNIMED URUGUAIANA/RS;"72173180000114";328596
UNIMED VALE DO AÇO COOPERATIVA DE TRABALHO MÉDICO;"16991945000152";359289
UNIMED VALE DO CAÍ;"87306361000149";313211
UNIMED VALE DO CARANGOLA;"86483542000188";337561
UNIMED VALE DO CORUMBA COOPERATIVA DE TRABALHO MEDICO;"00747041000146";302228
UNIMED VALE DO JAURU COOPERATIVA DE TRABALHO MÉDICO;"70523899000102";370975
UNIMED VALE DO PIQUIRI;"80525652000189";308811
UNIMED VALE DO SÃO FRANCISCO ;"40853020000120";323268
UNIMED VALE DO SEPOTUBA - COOPERATIVA DE TRABALHO MÉDICO;"02597394000132";314099
UNIMED VALE DO URUCUIA;"01371135000126";311057
UNIMED VARGINHA COOPERATIVA DE TRABALHO MÉDICO;"17845504000105";344729
UNIMED VERTENTE DO CAPARAÓ;"71499792000139";317896
UNIMED VILHENA;"01659087000176";342131
UNIMED VITORIA;"27578434000120";357391
UNIMED/RS;"87158507000156";367087
UNIMEDFOZ;"81697419000146";351792
UNIODONTO ;"66095423000140";327093
UNIODONTO;"15308521000188";368555
UNIODONTO;"00022130000125";347302
UNIODONTO;"53206108000100";303259
UNIODONTO - AC;"02948490000188";403997
UNIODONTO ADMINISTRADORA;"02338268000163";342203
UNIODONTO AMAPÁ;"02254846000183";365785
UNIODONTO ARACATUBA;"01856688000179";362824
UNIODONTO ARAPIRACA;"02988689000130";403512
UNIODONTO BAHIA SUL;"00629608000180";383929
UNIODONTO BOTUCATU;"01946395000182";347477
UNIODONTO BRAGANÇA PAULISTA;"02478779000180";306193
UNIODONTO CARUARU;"01141489000184";414891
UNIODONTO CATARINENSE;"07270625000112";415626
UNIODONTO COOP ODONT VALE TAQUARI E RIO PARDO LTDA;"87303772000180";353752
UNIODONTO DE AMERICANA COOPERATIVA ODONTOLÓGICA;"69015113000167";347604
UNIODONTO DE ARACAJU COOPERATIVA DE TRABALHO ODONTOLOGICO;"32844169000114";349283
UNIODONTO DE ARARAQUARA;"65442162000125";316997
UNIODONTO DE AVARE;"00014922000158";311669
UNIODONTO DE CAMPINAS;"51304798000104";350494
UNIODONTO DE CAMPOS COOPERATIVA ODONTOLOGICA;"03005846000102";402516
UNIODONTO DE CATANDUVA;"00855599000145";354686
UNIODONTO DE FERNANDOPOLIS COOPERATIVA ODONTOLOGICA;"02015569000156";301647
UNIODONTO DE FORTALEZA;"23725062000166";335258
UNIODONTO DE JABOTICABAL;"00390564000188";340120
UNIODONTO DE JACAREÍ;"00531736000196";343056
UNIODONTO DE JALES - COOPERATIVA ODONTOLÓGICA;"02085247000183";309257
UNIODONTO DE JUNDIAÍ;"59527440000144";347795
UNIODONTO DE LIMEIRA;"63062350000100";369462
UNIODONTO DE LINS COOPERATIVA ODONTOLÓGICA;"00847821000168";344681
UNIODONTO DE LONDRINA COOP. ODONTOLÓGICA;"82239476000144";350770
UNIODONTO DE MARILIA;"01475150000114";354821
UNIODONTO DE MARINGA;"01367538000100";381144
UNIODONTO DE MONTE ALTO;"01592738000158";336238
UNIODONTO DE NOVA IGUAÇU COOPERATIVA ODONTOLÓGICA;"03295630000129";411701
UNIODONTO DE PAULO AFONSO;"02772726000178";402109
UNIODONTO DE PIRACICABA;"52204526000197";346004
UNIODONTO DE PIRASSUNUNGA;"02260283000136";378941
UNIODONTO DE PRESIDENTE PRUDENTE COOPERATIVA ODONTOLÓGICA;"00172586000171";336017
UNIODONTO DE RECIFE - COOPERATIVA ODONTOLÓGICA;"24125122000172";305740
UNIODONTO DE RIO CLARO;"96609292000133";349011
UNIODONTO DE RONDÔNIA;"02742094000108";336025
UNIODONTO DE RORAIMA;"01750093000134";418242
UNIODONTO DE SÃO LUIS;"41492976000106";369616
UNIODONTO DE SERTAOZINHO;"00826676000139";373109
UNIODONTO DE TAQUARITINGA COOPERATIVA ODONTOLÓGICA;"01902941000183";350290
UNIODONTO DE UBERABA;"17333055000116";370568
UNIODONTO DE VOTUPORANGA COOPERATIVA ODONTOLOGICA;"01422924000149";350630
UNIODONTO DO BRASIL;"44595858000111";314315
UNIODONTO DO SERIDÓ;"01751280000132";343919
UNIODONTO DO SUL GOIANO;"37256591000172";358339
UNIODONTO DOURADOS - COOPERATIVA ODONTOLÓGICA;"00199703000190";313807
UNIODONTO DUQUE DE CAXIAS COOPERATIVA DE TRABALHO ODONTOLÓGICO LTDA.;"01066312000160";382337
UNIODONTO FEIRA DE SANTANA;"16325896000119";400556
UNIODONTO FRONTEIRA OESTE/RS;"00119565000192";341894
UNIODONTO GARANHUNS;"01501597000110";342335
UNIODONTO GOIANIA;"00891689000191";358436
UNIODONTO ITABUNA;"00491998000174";402010
UNIODONTO ITAPERUNA/RJ COOP TRAB ODONTOLOGICO;"86756368000108";317772
UNIODONTO JF;"01290793000193";327441
UNIODONTO JOAO PESSOA;"12923462000160";361569
UNIODONTO LEOPOLDINA - COOPERATIVA ODONTOLÓGICA;"02021621000187";401919
UNIODONTO MACAE;"72515208000154";300195
UNIODONTO MACEIO;"24243925000121";321125
UNIODONTO MANAUS;"23031479000129";311391
UNIODONTO MATO GROSSO;"37496767000163";343404
UNIODONTO MG;"01182248000183";344583
UNIODONTO MOSSORÓ;"02313780000155";303291
UNIODONTO PARA DE MINAS;"01564858000141";323632
UNIODONTO PASSOS;"02768410000102";419729
UNIODONTO PAULISTA;"96396395000162";361593
UNIODONTO PINDAMONHANGABA;"02064028000118";331104
UNIODONTO POÇOS DE CALDAS;"03494031000134";409791
UNIODONTO PONTA GROSSA;"82621210000161";315818
UNIODONTO PORTO ALEGRE COOPERATIVA ODONTOLOGICA LTDA;"88938089000182";366439
UNIODONTO RESENDE COOPERATIVA ODONTOLOGICA;"03150035000103";406121
UNIODONTO RIO GRANDE-LITORAL COOPERATIVA ODONTOLOGICA LTDA;"02662309000172";367966
UNIODONTO SALVADOR;"13416391000171";310107
UNIODONTO SÃO CARLOS;"54912241000136";335525
UNIODONTO SÃO JOSÉ DO RIO PARDO;"01221295000199";378682
UNIODONTO SÃO JOSÉ DOS CAMPOS;"73162760000179";313751
UNIODONTO SISTEMA NACIONAL DE COOP. ODONTOLOGICAS;"03511888000115";347183
UNIODONTO SOROCABA;"58702853000155";334243
UNIODONTO SUDOESTE GOIANO - COOPERATIVA DE TRABALHO ODONTOLOGICO;"02033677000151";314871
UNIODONTO SUL CAPIXABA COOPERATIVA ODONTOLOGICA;"02580965000126";370711
UNIODONTO TAUBATE;"02030488000125";319350
UNIODONTO TRÊS RIOS;"02418863000109";359726
UNIODONTO UBERLÂNDIA;"26185199000163";344451
UNIODONTO VALE DO SINOS;"03264151000145";406295
UNIODONTO VALE HISTORICO COOPERATIVA ODONTOLOGICA;"02149799000108";382655
UNIODONTO VITÓRIA;"28423044000143";308277
UNIODONTO-RJ;"28958148000152";318230
UNIODONTO/RN;"08237810000178";345318
UNIODONTO/RS;"72120124000111";305421
UNION BENEFÍCIOS;"24705602000102";420808
UNIPLAM;"05351257000101";415847
UNISAÚDE;"89761670000134";333867
UNISAÚDEMS ;"04574626000162";421341
UNIVERSAL PLANO ODONTOLOGICO LTDA;"67363341000100";413348
UNIVERSO ADMINISTRADORA;"14247057000102";418561
UNIX;"11076382000153";418137
UNMED SERGIPE - COOPERATIVA DE TRABALHO MEDICO;"13360276000122";337668
UNNIMAX ADMINISTRADORA DE BENEFÍCIOS;"17077866000101";418838
USODONTO;"16384621000156";419061
VALE ;"33592510000154";345695
VALEM;"11340037000185";417301
VALLOR BENEFÍCIOS;"12091127000142";417581
VERA CRUZ ASSOCIAÇÃO DE SAÚDE;"45999141000106";360481
VIACORP ADMINISTRADORA DE BENEFÍCIOS LTDA;"14452934000179";418439
VIDAMAX ADMINISTRADORA DE BENEFÍCIOS LTDA;"09164784000168";416789
VIDAPLAN SAUDE;"00864888000100";344443
VIP ODONTO;"02333065000184";405582
VISION MED ASSISTÊNCIA MÉDICA LTDA;"01518211000183";403911
VITA ASSISTENCIA A SAUDE LTDA.;"01648339000161";414905
VITAL;"22340694000149";419842
VITALLIS;"62550256000120";348520
VITASERV PLANOS DE SAÚDE;"81140873000100";414913
VIVAMED SAÚDE;"00152753000112";314170
VOCÊ ODONTO;"68357755000181";413879
VOLVO;"43999424000114";414247
WIN SAÚDE;"19112659000168";419231
WMS SUPERMERCADOS DO BRASIL LTDA;"93209765000117";345628
ZURICH SANTANDER BRASIL ODONTO LTDA.;"14927215000167";419354
